axis_key,display_name,axis_type,role_families,locale,synonyms,definition,not_definition,rubric_anchor_0,rubric_anchor_5,rubric_anchor_8,rubric_anchor_10,evidence_types,assessment_options,version,status,typical_roles
structuring,Structure,soft_skill,consulting,en,framing|organizing|scoping|outlining,Ability to break an ambiguous problem into clear components and a logical workplan.,Not subject-matter expertise by itself or simply following a memorized framework.,Unstructured; jumps between topics,Clear structure for typical cases,Tailored structures; anticipates edge cases,Creates frameworks; teaches others,competitions|assessments|work|portfolio|social_proof,case_mece_drill|case_outline_prompt,1,active,strategy_consulting_intern|management_consulting_intern|business_analyst_intern
hypothesis,Hypothesis work,work_style,consulting,en,assumption|premise|theory|conjecture,"Ability to form testable hypotheses and use evidence to confirm, reject, or refine them.",Not guessing without testing or forcing data to fit a preferred conclusion.,No hypotheses; reacts to data only,Forms testable hypotheses in analysis,Runs structured tests; updates quickly,Drives teams with hypothesis trees,competitions|assessments|work|portfolio,hypothesis_tree_prompt,1,active,strategy_consulting_intern|management_consulting_intern|business_analyst_intern
synthesis,Synthesis,soft_skill,consulting,en,integration|distillation|consolidation|summary,"Ability to combine multiple inputs into a coherent, decision-ready takeaway.",Not listing facts without prioritizing what matters for the decision.,Outputs are fragmented; no takeaway,Summarizes key points clearly,Distills complex work into decisions,Produces executive-grade synthesis,portfolio|work|competitions|social_proof,exec_summary_prompt,1,active,strategy_consulting_intern|management_consulting_intern|business_analyst_intern
insight,Insight,soft_skill,consulting,en,clarity|understanding|interpretation|perception,Ability to identify the meaning behind data and translate patterns into actionable implications.,Not reporting metrics without explaining 'so what' or 'now what'.,No 'so what'; observations only,Finds useful implications in data,"Generates novel, relevant insights",Consistently shifts strategy with insight,competitions|work|portfolio|assessments,so_what_prompt,1,active,strategy_consulting_intern|management_consulting_intern|business_analyst_intern
communication,Communication,soft_skill,consulting,en,articulation|clarity|dialogue|messaging,"Ability to convey ideas clearly, concisely, and appropriately to the audience.","Not verbosity, charisma alone, or being agreeable without clarity.",Unclear; causes misunderstandings,Clear in typical team settings,Persuasive across senior audiences,Trusted spokesperson; coaches others,work|social_proof|portfolio|competitions,clarity_rewrite_prompt,1,active,strategy_consulting_intern|management_consulting_intern|business_analyst_intern
storytelling,Storytelling,soft_skill,consulting,en,narrative|framing|persuasion|pitching,Ability to structure information into a compelling narrative that supports a recommendation.,Not entertainment or style without logical substance.,No narrative; slides feel random,Basic storyline with clear flow,Strong arc; supports decision-making,Memorable narratives that move stakeholders,portfolio|work|competitions,slide_story_arc_prompt,1,active,strategy_consulting_intern|management_consulting_intern|business_analyst_intern
presentation,Presentation,soft_skill,consulting,en,briefing|pitching|delivery|speaking,Ability to present work confidently and respond to questions with composure and clarity.,Not slide aesthetics or memorized talking points without understanding.,Disorganized delivery; rattled by questions,Clear delivery; handles basic Q&A,Confident under challenge; adapts live,Exceptional presence; commands the room,portfolio|work|competitions|social_proof,live_qna_drill,1,active,strategy_consulting_intern|management_consulting_intern|business_analyst_intern
diplomacy,Diplomacy,soft_skill,consulting,en,influence|stakeholder|negotiation|buyin,Ability to understand stakeholder incentives and align them toward a shared outcome.,"Not authority, manipulation, or political maneuvering without ethics.",Misses incentives; creates friction,Manages expectations in typical projects,Aligns conflicting stakeholders,Builds durable coalitions across orgs,work|social_proof|competitions,stakeholder_map_prompt,1,active,strategy_consulting_intern|management_consulting_intern|business_analyst_intern
facilitation,Facilitation,soft_skill,consulting,en,moderation|coordination|guiding|orchestration,"Ability to run discussions that produce decisions, next steps, and shared understanding.",Not dominating the room or simply taking notes.,Meetings drift; no outcomes,Keeps meetings on track and productive,Manages conflict; drives decisions,Sets team operating rhythm and norms,work|social_proof|competitions,meeting_facilitation_sim,1,active,strategy_consulting_intern|management_consulting_intern|business_analyst_intern
research,Research,hard_skill,consulting,en,investigation|inquiry|scanning|discovery,Ability to gather and validate information from credible sources and synthesize it for use.,Not copying sources uncritically or relying on low-quality information.,Uses unreliable sources; no validation,Finds credible sources; summarizes accurately,Triangulates sources; spots inconsistencies,Produces research others rely on,academic|portfolio|work|competitions,source_quality_quiz,1,active,strategy_consulting_intern|management_consulting_intern|business_analyst_intern
diagnosis,Diagnosis,soft_skill,consulting,en,assessment|analysis|triage|troubleshooting,Ability to identify root causes of a problem and separate symptoms from drivers.,Not treating surface issues only or overfitting to one anecdote.,Jumps to fixes without root cause,Finds likely root causes in common cases,Uses structured RCA; validates drivers,"Solves complex, messy root-cause problems",work|competitions|assessments|portfolio,root_cause_prompt,1,active,strategy_consulting_intern|management_consulting_intern|business_analyst_intern
quantification,Quantification,hard_skill,consulting,en,metrics|measurement|numeracy|calculation,"Ability to translate questions into numbers, estimates, and metrics that inform decisions.","Not precision theater, or complex math without relevance.",Avoids numbers; no estimates,Builds reasonable estimates and metrics,Quantifies uncertainty; validates assumptions,Creates robust measurement systems,academic|assessments|work|portfolio,market_sizing_case|estimation_drill,1,active,strategy_consulting_intern|management_consulting_intern|business_analyst_intern
prioritization,Prioritization,work_style,consulting,en,ranking|sequencing|triage|focus,"Ability to choose what to do first based on impact, effort, and constraints.",Not doing whatever is most urgent or most visible.,Works on low-impact tasks first,Prioritizes well in typical workloads,Balances tradeoffs; protects focus,Shapes roadmaps; sets priorities for teams,work|competitions|social_proof,prioritization_scenario,1,active,strategy_consulting_intern|management_consulting_intern|business_analyst_intern
alignment,Alignment,soft_skill,consulting,en,consensus|synchronization|cohesion|agreement,"Ability to create shared understanding on goals, roles, and decisions across people.",Not avoiding disagreement or forcing consensus prematurely.,Teams misunderstand goals and roles,Clarifies goals and decisions in teams,Aligns multiple functions and constraints,Builds alignment across organizations,work|social_proof|portfolio,alignment_brief_prompt,1,active,strategy_consulting_intern|management_consulting_intern|business_analyst_intern
precision,Precision,work_style,consulting,en,rigor|thoroughness|discipline|exactness,"Consistency in checking assumptions, logic, and calculations to reduce errors.",Not perfectionism that blocks progress or unnecessary complexity.,Careless work; frequent errors,Reliable accuracy in normal work,High quality under time pressure,Sets quality bar; audits others' work,academic|work|portfolio|assessments,logic_check_drill,1,active,strategy_consulting_intern|management_consulting_intern|business_analyst_intern
adaptability,Adaptability,work_style,consulting,en,flexibility|agility|versatility|resilience,"Ability to adjust approach quickly when requirements, constraints, or feedback change.",Not changing direction randomly or lacking a plan.,Struggles with change; freezes,Adjusts with feedback in typical cases,Thrives in ambiguity; learns fast,Leads change; helps others adapt,work|social_proof|competitions,change_scenario_prompt,1,active,strategy_consulting_intern|management_consulting_intern|business_analyst_intern
accounting,Accounting,hard_skill,finance,en,bookkeeping|ledger|statements|controls,Ability to understand and apply core accounting concepts to produce and interpret financial statements.,Not tax specialization or finance strategy without accounting grounding.,Cannot read basic statements,Understands statements; handles common entries,Applies standards; catches inconsistencies,Expert judgment; designs controls,academic|assessments|work,accounting_basics_quiz,1,active,investment_banking_intern|equity_research_intern|fp&a_intern|corporate_finance_intern
valuation,Valuation,hard_skill,finance,en,appraisal|pricing|estimation|worth,Ability to estimate the value of a business or asset using appropriate methods and assumptions.,Not predicting stock prices or using one multiple without context.,Cannot explain key drivers,Builds a basic valuation with sound inputs,Runs sensitivities; defends assumptions,Expert valuation; spots mispricing,portfolio|assessments|work|academic,dcf_case|comps_case,1,active,investment_banking_intern|equity_research_intern|fp&a_intern|corporate_finance_intern
modeling,Modeling,hard_skill,finance,en,forecasting|projection|simulation|sensitivity,Ability to build structured financial models that link assumptions to outputs and support decisions.,Not pretty spreadsheets without correct logic and auditability.,Models break; inconsistent logic,Correct 3-statement or DCF basics,"Flexible, audited models with scenarios",Designs modeling standards; reviews others,portfolio|assessments|work|academic,excel_modeling_test|three_statement_case,1,active,investment_banking_intern|equity_research_intern|fp&a_intern|corporate_finance_intern
forecasting,Forecasting,hard_skill,finance,en,projection|prediction|outlook|planning,"Ability to predict future performance using data, drivers, and reasonable assumptions.",Not guessing or extrapolating without understanding drivers.,No driver logic; naive guesses,Basic driver-based forecasts,Accounts for seasonality and uncertainty,Creates forecasting systems and governance,portfolio|assessments|work|academic,forecasting_case,1,active,investment_banking_intern|equity_research_intern|fp&a_intern|corporate_finance_intern
excel,Excel,hard_skill,finance,en,spreadsheets|formulas|pivoting|macros,"Ability to use spreadsheets efficiently for analysis, modeling, and reporting.","Not manual, error-prone work or relying on templates without understanding.",Slow; basic formulas only,"Uses pivots, lookups, and clean structure",Builds robust models; uses PowerQuery/VBA,Expert automation; audits and optimizes models,assessments|portfolio|work,excel_speed_drill|excel_model_audit,1,active,investment_banking_intern|equity_research_intern|fp&a_intern|corporate_finance_intern
budgeting,Budgeting,hard_skill,finance,en,allocation|planning|costing|controls,"Ability to plan and manage budgets, including variance analysis and resource allocation.",Not long-term valuation work or unrelated project planning.,No ownership of budget numbers,Builds budgets; explains variances,Improves budget process; adds drivers,Leads budgeting cycles; aligns stakeholders,work|portfolio|academic,variance_analysis_case,1,active,investment_banking_intern|equity_research_intern|fp&a_intern|corporate_finance_intern
reporting,Reporting,hard_skill,finance,en,disclosure|dashboards|statements|filing,"Ability to create clear financial reporting that is accurate, timely, and decision-ready.",Not data dumping or storytelling without numbers.,Reports are confusing or incorrect,Clear monthly reporting with checks,Automates reporting; improves narrative,Designs reporting standards and KPIs,work|portfolio|academic,reporting_redline_prompt,1,active,investment_banking_intern|equity_research_intern|fp&a_intern|corporate_finance_intern
auditing,Auditing,hard_skill,finance,en,assurance|review|inspection|verification,Ability to verify financial information and controls through structured testing and evidence.,Not policing people or assuming fraud without evidence.,Cannot follow audit procedures,Performs basic tests; documents work,Identifies control gaps; proposes fixes,Leads audit planning; coaches teams,work|academic|assessments,audit_case,1,active,investment_banking_intern|equity_research_intern|fp&a_intern|corporate_finance_intern
compliance,Compliance,hard_skill,finance,en,regulation|governance|conformity|policy,Ability to understand and operate within financial regulations and internal policies.,Not legal advice or box-ticking without understanding risk.,Unaware of key rules,Follows policies; flags obvious issues,Anticipates regulatory risk; advises process,Designs compliance programs; trains others,work|academic,compliance_scenario_quiz,1,active,investment_banking_intern|equity_research_intern|fp&a_intern|corporate_finance_intern
risk,Risk,hard_skill,finance,en,exposure|volatility|uncertainty|downside,"Ability to identify, measure, and communicate financial risks and tradeoffs.",Not being risk-averse or avoiding decisions.,Ignores risk; no mitigation,Identifies key risks and mitigations,Quantifies risk; uses scenarios/stress tests,Builds risk frameworks; challenges assumptions,work|academic|assessments|portfolio,risk_scenario_case,1,active,investment_banking_intern|equity_research_intern|fp&a_intern|corporate_finance_intern
hedging,Hedging,hard_skill,finance,en,offsetting|protection|covering|insurance,Ability to use instruments or strategies to reduce exposure to specific financial risks.,Not speculation or taking risk without defined purpose.,Cannot explain hedging logic,Basic hedge selection and rationale,Designs hedges; evaluates effectiveness,Expert structuring; manages complex exposures,academic|assessments|portfolio,hedging_quiz,1,active,investment_banking_intern|equity_research_intern|fp&a_intern|corporate_finance_intern
liquidity,Liquidity analyses ,hard_skill,finance,en,cashflow|solvency|convertibility|marketability,"Ability to assess cash availability, funding needs, and the ease of converting assets to cash.",Not profitability analysis alone.,Misses cash constraints,Understands working capital and cash cycles,Models liquidity under stress,Designs liquidity policy and buffers,academic|assessments|work,cashflow_case,1,active,investment_banking_intern|equity_research_intern|fp&a_intern|corporate_finance_intern
pricing,Pricing,hard_skill,finance,en,benchmarking|quoting|marking|valuation,"Ability to determine appropriate prices for products, services, or financial instruments using drivers and constraints.",Not discounting randomly or pricing without margin/risk awareness.,No pricing logic,Prices using basic drivers and benchmarks,Optimizes price with sensitivity and constraints,Builds pricing strategy and governance,work|portfolio|academic|assessments,pricing_case,1,active,investment_banking_intern|equity_research_intern|fp&a_intern|corporate_finance_intern
treasury,Treasury,hard_skill,finance,en,funding|cashflow|capital|liquidity,"Ability to manage cash, funding, and financial operations such as payments and bank relationships.",Not investment strategy or accounting close work alone.,Does not understand cash operations,Understands cash positioning and flows,Improves funding and cash processes,Leads treasury operations and risk controls,work|academic,treasury_ops_quiz,1,active,investment_banking_intern|equity_research_intern|fp&a_intern|corporate_finance_intern
taxation,Taxation,hard_skill,finance,en,levies|withholding|duties|excise,Ability to understand tax concepts and apply them correctly in analysis or reporting contexts.,Not providing formal tax advice or handling complex cross-border structuring.,Confuses basic tax concepts,Applies common tax rules in models,Handles multi-scenario tax impacts,Expert tax planning; ensures compliance at scale,academic|assessments|work,tax_quiz,1,active,investment_banking_intern|equity_research_intern|fp&a_intern|corporate_finance_intern
reconciliation,Reconciliation,hard_skill,finance,en,balancing|matching|clearing|verification,Ability to match records across systems and resolve discrepancies to ensure data integrity.,Not ignoring differences or forcing balances without explanation.,Frequent unreconciled breaks,Reconciles routine accounts accurately,Investigates breaks; prevents recurrence,Designs reconciliation controls and automation,work|assessments|portfolio,recon_breaks_case,1,active,investment_banking_intern|equity_research_intern|fp&a_intern|corporate_finance_intern
programming,Programming,hard_skill,technology,en,coding|development|scripting|implementation,"Ability to write correct, readable code to solve problems and deliver features.","Not knowing syntax only, or coding without testing and maintainability.",Cannot complete basic tasks,Builds features with clean code,Solves complex problems; strong patterns,Expert engineer; mentors and reviews,portfolio|assessments|work|competitions|academic,coding_challenge,1,active,software_engineering_intern|data_science_intern|devops_intern|product_engineering_intern
python,Python,hard_skill,technology,en,pandas|numpy|django|scripting,"Ability to use Python effectively for scripting, data work, or backend development.",Not general programming ability without Python-specific competence.,No usable Python,Writes clean Python for common tasks,Uses advanced features; optimizes performance,Expert; builds libraries and mentors,portfolio|assessments|work|competitions|academic,python_coding_test,1,active,software_engineering_intern|data_science_intern|devops_intern|product_engineering_intern
sql,SQL,hard_skill,technology,en,querying|postgres|joins|schema,Ability to query and manipulate relational data accurately and efficiently.,Not spreadsheets-as-databases or guessing results without understanding joins.,Cannot write basic SELECT,Writes correct joins and aggregations,Optimizes queries; models schemas,Expert; designs data layers and standards,portfolio|assessments|work|academic,sql_query_test,1,active,software_engineering_intern|data_science_intern|devops_intern|product_engineering_intern
git,Git,hard_skill,technology,en,versioning|branching|merging|rebasing,Ability to use version control to collaborate safely and manage code changes.,Not copying commands without understanding or avoiding collaboration workflows.,Breaks history; avoids PRs,"Uses branches, PRs, and resolves merges",Manages complex workflows; clean history,Sets repo standards; trains others,portfolio|work|competitions,git_workflow_quiz,1,active,software_engineering_intern|data_science_intern|devops_intern|product_engineering_intern
architecture,Architecture,hard_skill,technology,en,design|blueprint|structure|topology,"Ability to design systems with appropriate components, interfaces, and tradeoffs.",Not overengineering or drawing diagrams without understanding constraints.,Ad-hoc designs; brittle systems,Designs basic components and APIs,Handles tradeoffs; scalable patterns,Defines architecture; guides teams,work|portfolio|assessments|academic,system_design_prompt,1,active,software_engineering_intern|data_science_intern|devops_intern|product_engineering_intern
debugging,Debugging,hard_skill,technology,en,tracing|troubleshooting|diagnosis|fixing,"Ability to find, isolate, and fix defects using logs, tests, and systematic reasoning.",Not random trial-and-error or blaming dependencies without proof.,Stuck on bugs; no method,Finds root cause in typical issues,Debugs complex systems quickly,Improves observability; prevents classes of bugs,work|portfolio|assessments,bug_hunt_sim,1,active,software_engineering_intern|data_science_intern|devops_intern|product_engineering_intern
testing,Testing,hard_skill,technology,en,validation|qa|coverage|verification,Ability to write and maintain tests that protect correctness and enable safe change.,Not writing tests that assert nothing meaningful or only manual testing.,No tests; frequent regressions,Unit/integration tests for core paths,Reliable suites; good coverage strategy,Sets testing culture; designs test architecture,work|portfolio|assessments,test_design_case,1,active,software_engineering_intern|data_science_intern|devops_intern|product_engineering_intern
deployment,Deployment,hard_skill,technology,en,release|shipping|provisioning|launching,Ability to deliver software to production environments safely and repeatably.,"Not 'it works on my machine' or manual, risky releases.",Cannot deploy without help,Deploys via standard pipelines,Implements safe rollouts and monitoring,Designs release engineering practices,work|portfolio|assessments,deployment_pipeline_quiz,1,active,software_engineering_intern|data_science_intern|devops_intern|product_engineering_intern
scalability,Scalability,hard_skill,technology,en,elasticity|capacity|throughput|growth,Ability to design and improve systems to handle increased load without failure.,Not premature optimization or scaling only by adding servers blindly.,System fails under moderate load,Understands basic scaling levers,Designs for scale; handles bottlenecks,Leads performance architecture,work|portfolio|academic|assessments,scaling_case,1,active,software_engineering_intern|data_science_intern|devops_intern|product_engineering_intern
security,Security,hard_skill,technology,en,privacy|hardening|defense|protection,Ability to build and operate software with secure defaults and threat awareness.,Not fear-driven restrictions or security theater without risk modeling.,Introduces common vulnerabilities,Applies basic secure practices,Threat-models; mitigates risks,Designs security architecture; leads reviews,work|portfolio|assessments|academic,security_threat_model_prompt,1,active,software_engineering_intern|data_science_intern|devops_intern|product_engineering_intern
cloud,Cloud,hard_skill,technology,en,hosting|infrastructure|platform|compute,"Ability to use cloud services to deploy, scale, and operate applications.","Not clicking in consoles without understanding IAM, networking, and costs.",Cannot deploy cloud resources,Uses common services appropriately,"Designs secure, cost-aware cloud setups",Defines cloud platform patterns,work|portfolio|assessments,cloud_fundamentals_quiz,1,active,software_engineering_intern|data_science_intern|devops_intern|product_engineering_intern
automation,Automation,hard_skill,technology,en,pipelines|orchestration|scripting|autonomy,"Ability to remove manual work through scripts, pipelines, and tooling.",Not over-automating unstable processes.,Manual repetitive work persists,Automates common tasks reliably,Builds robust pipelines and tooling,Creates automation strategy across teams,work|portfolio|competitions,automation_prompt,1,active,software_engineering_intern|data_science_intern|devops_intern|product_engineering_intern
optimization,Optimization,hard_skill,technology,en,tuning|refinement|streamlining|performance,"Ability to improve performance, cost, or efficiency through measurement and targeted changes.",Not micro-optimizing without measuring impact.,No measurement; random tweaks,Improves common bottlenecks with metrics,Finds root bottlenecks; big wins,Sets performance KPIs and tuning playbooks,work|portfolio|assessments|academic,perf_profile_case,1,active,software_engineering_intern|data_science_intern|devops_intern|product_engineering_intern
documentation,Documentation,work_style,technology,en,specs|readme|writing|comments,"Ability to write clear docs that help others understand, use, and maintain systems.",Not excessive documentation that is outdated or redundant.,No docs; knowledge stays tribal,Docs cover setup and key flows,"Docs are concise, current, and adopted",Sets documentation standards across org,portfolio|work|social_proof,docs_quality_prompt,1,active,software_engineering_intern|data_science_intern|devops_intern|product_engineering_intern
integration,Integration,hard_skill,technology,en,interfacing|connecting|linking|coupling,"Ability to connect systems via APIs, data contracts, and reliable interfaces.",Not brittle point-to-point hacks without monitoring or contracts.,Integrations frequently break,Builds stable integrations with retries/errors,Designs contracts; handles edge cases,Architects integration platforms,work|portfolio|assessments,api_integration_case,1,active,software_engineering_intern|data_science_intern|devops_intern|product_engineering_intern
reliability,Reliability,work_style,technology,en,stability|uptime|robustness|resilience,Ability to build and operate systems that behave predictably and recover from failure.,Not avoiding change or moving slowly without reason.,Frequent outages; no recovery plan,Basic monitoring and incident response,Designs resilience; reduces incident rate,Sets SRE practices; drives reliability culture,work|portfolio|social_proof|assessments,incident_response_sim,1,active,software_engineering_intern|data_science_intern|devops_intern|product_engineering_intern
branding,Branding,hard_skill,marketing,en,identity|equity|image|reputation,Ability to build and manage a coherent brand identity and perception over time.,Not logo design alone or generic 'aesthetic taste' without strategy.,No clear brand direction,Defines consistent identity and guidelines,Builds brand equity; adapts across channels,Leads brand strategy; shapes market perception,portfolio|work|academic|social_proof,brand_audit_prompt,1,active,marketing_intern|growth_intern|brand_intern|performance_marketing_intern
messaging,Messaging,hard_skill,marketing,en,positioning|voice|tone|narrative,Ability to craft value propositions and messages that resonate with target audiences.,Not jargon-heavy copy or saying everything to everyone.,Message is unclear or generic,Clear value prop for a defined audience,Differentiated messaging across segments,Owns category narrative and positioning,portfolio|work|competitions,value_prop_prompt,1,active,marketing_intern|growth_intern|brand_intern|performance_marketing_intern
copywriting,Copywriting,hard_skill,marketing,en,persuasion|writing|editing|scripting,"Ability to write persuasive, brand-consistent copy that drives action.","Not long text, filler, or clickbait that damages trust.",Copy is confusing or off-brand,Writes clear copy for common formats,High-converting copy; strong editing,Sets voice standards; mentors writers,portfolio|work|competitions,copy_prompt|headline_test,1,active,marketing_intern|growth_intern|brand_intern|performance_marketing_intern
campaigning,Campaigning,hard_skill,marketing,en,promotion|activation|outreach|launching,"Ability to plan and execute campaigns with objectives, channels, and measurement.",Not posting randomly without a goal or measurement.,No plan; unclear objectives,Runs campaigns with basic tracking,Optimizes across channels and creatives,Leads integrated campaigns end-to-end,portfolio|work|academic,campaign_plan_case,1,active,marketing_intern|growth_intern|brand_intern|performance_marketing_intern
segmentation,Segmentation,hard_skill,marketing,en,clustering|profiling|grouping|differentiation,Ability to divide audiences into meaningful groups for tailored marketing strategy.,Not demographic stereotypes without behavioral or needs-based insight.,One-size-fits-all audience view,Defines segments with relevant criteria,Validates segments with data and outcomes,Builds segmentation frameworks for org,work|portfolio|academic|assessments,segmentation_case,1,active,marketing_intern|growth_intern|brand_intern|performance_marketing_intern
positioning,Positioning,hard_skill,marketing,en,differentiation|framing|placement|perception,Ability to define how a product should be perceived relative to alternatives.,Not copying competitors or changing positioning every week.,No differentiation,Clear positioning statement and proof points,Positioning ties to strategy and GTM,Shapes category strategy and narrative,portfolio|work|competitions,positioning_statement_prompt,1,active,marketing_intern|growth_intern|brand_intern|performance_marketing_intern
targeting,Targeting,hard_skill,marketing,en,selection|focus|filtering|aiming,Ability to choose the right segments and channels to reach business goals efficiently.,Not maximizing reach regardless of cost or relevance.,Targets everyone; low efficiency,Targets main segments and channels well,Optimizes targeting with experimentation,Builds targeting strategy across lifecycle,work|portfolio|assessments,targeting_scenario,1,active,marketing_intern|growth_intern|brand_intern|performance_marketing_intern
engagement,Engagement,hard_skill,marketing,en,interaction|participation|attention|involvement,Ability to create content and experiences that drive meaningful audience interaction.,Not vanity metrics without quality or retention.,Low engagement; no iteration,Improves engagement with basic tactics,Designs engagement loops and content systems,Builds community flywheels at scale,work|portfolio|social_proof,engagement_analysis_case,1,active,marketing_intern|growth_intern|brand_intern|performance_marketing_intern
acquisition,Acquisition,hard_skill,marketing,en,growth|attraction|sourcing|capturing,Ability to bring in new users/customers through channels with measured ROI.,Not spending on ads without attribution or targeting.,No channel strategy,Runs acquisition channels with basic tracking,Optimizes CAC/LTV with experiments,Builds scalable acquisition engine,work|portfolio|academic|assessments,acquisition_case,1,active,marketing_intern|growth_intern|brand_intern|performance_marketing_intern
retention,Retention,hard_skill,marketing,en,loyalty|stickiness|renewal|repeat,Ability to improve repeat usage and reduce churn through lifecycle strategy.,Not discounting only or forcing lock-in without value.,Churn ignored; no retention plan,Tracks retention and runs basic initiatives,Improves cohorts; identifies churn drivers,Builds retention strategy and playbooks,work|portfolio|academic,retention_case,1,active,marketing_intern|growth_intern|brand_intern|performance_marketing_intern
conversion,Conversion,hard_skill,marketing,en,activation|closing|uptake|turnout,"Ability to improve funnel performance through UX, messaging, and testing.",Not manipulating users or optimizing one step while harming downstream quality.,No funnel understanding,Improves key steps with basic tests,End-to-end funnel optimization with analytics,Leads CRO program; sets experimentation cadence,work|portfolio|assessments,cro_case,1,active,marketing_intern|growth_intern|brand_intern|performance_marketing_intern
creativity,Creativity,soft_skill,marketing,en,ideation|originality|imagination|inventiveness,"Ability to generate novel, relevant ideas for content, campaigns, and positioning.",Not randomness or novelty that conflicts with brand and strategy.,Ideas are derivative or off-brief,Produces usable ideas on brief,Generates strong concepts; iterates quickly,Defines creative direction; inspires teams,portfolio|competitions|work|social_proof,creative_brief_prompt,1,active,marketing_intern|growth_intern|brand_intern|performance_marketing_intern
seo,SEO,hard_skill,marketing,en,keywords|ranking|organic|search,"Ability to improve organic search visibility through technical, content, and on-page work.",Not keyword stuffing or chasing rankings without intent.,No SEO fundamentals,On-page SEO and basic research,Technical + content strategy with measurement,Leads SEO roadmap and governance,work|portfolio|assessments|academic,seo_audit_test,1,active,marketing_intern|growth_intern|brand_intern|performance_marketing_intern
community,Community,soft_skill,marketing,en,audience|network|following|tribe,Ability to build and nurture a group of users with shared identity and engagement.,Not broadcasting content without two-way interaction.,No community strategy,Engages members and grows participation,Builds programs; sustains healthy norms,Creates strong community ecosystems,work|social_proof|portfolio,community_program_prompt,1,active,marketing_intern|growth_intern|brand_intern|performance_marketing_intern
partnership,Partnership,soft_skill,marketing,en,alliance|collaboration|sponsorship|affiliation,"Ability to source, structure, and manage partnerships that create mutual value.",Not one-off deals that harm brand or lack clear outcomes.,No partner discovery or follow-through,Executes simple partnerships reliably,Negotiates win-wins; manages stakeholders,Builds partner strategy and portfolio,work|social_proof|portfolio,partner_pitch_prompt,1,active,marketing_intern|growth_intern|brand_intern|performance_marketing_intern
experimentation,Experimentation,work_style,marketing,en,testing|iteration|piloting|trials,"Ability to run structured experiments with hypotheses, metrics, and learnings.",Not random changes without a test plan or measurement.,No experiments; opinion-driven,Runs A/B tests with basic analysis,Strong experimental design and cadence,Builds experimentation culture and systems,work|portfolio|academic|assessments,experiment_design_case,1,active,marketing_intern|growth_intern|brand_intern|performance_marketing_intern
design,Design,hard_skill,engineering,en,drafting|planning|layout|engineering,"Ability to design engineered solutions that meet requirements, constraints, and safety considerations.",Not aesthetics-only design or ideation without feasibility.,Cannot translate requirements into design,Creates workable designs with basic constraints,Optimizes designs; considers tradeoffs and manufacturability,Leads design reviews; sets standards,portfolio|academic|work|assessments,design_review_case,1,active,mechanical_engineering_intern|electrical_engineering_intern|manufacturing_intern|r&d_intern
cad,CAD,hard_skill,engineering,en,drafting|modeling|blueprinting|detailing,Ability to create accurate CAD models and drawings suitable for review and manufacture.,Not rough sketches or models without correct dimensions and constraints.,Cannot build clean models,Creates correct parts/assemblies and drawings,Advanced modeling; manages complex assemblies,Expert; builds CAD standards and libraries,portfolio|assessments|work|academic,cad_model_task,1,active,mechanical_engineering_intern|electrical_engineering_intern|manufacturing_intern|r&d_intern
prototyping,Prototyping,hard_skill,engineering,en,fabrication|mocking|building|iteration,Ability to build and iterate prototypes to test assumptions and reduce design risk.,Not one-off builds without learning goals.,No prototype process,Builds prototypes to test key functions,Rapid iteration; learns and improves design,Leads prototyping strategy and labs,portfolio|work|competitions,prototype_plan_prompt,1,active,mechanical_engineering_intern|electrical_engineering_intern|manufacturing_intern|r&d_intern
manufacturing,Manufacturing,hard_skill,engineering,en,production|fabrication|assembly|machining,"Ability to understand production processes, constraints, and how designs translate to manufacturing.",Not product design without considering process capability and yield.,Unaware of manufacturing constraints,Understands common processes and tolerances,Improves manufacturability and yield,Leads process design and scale-up,work|academic|portfolio,dfm_case,1,active,mechanical_engineering_intern|electrical_engineering_intern|manufacturing_intern|r&d_intern
material,Material,hard_skill,engineering,en,metallurgy|polymer|composite|selection,"Ability to select and justify materials based on properties, cost, and constraints.",Not brand preferences or guessing without data.,Random selection; no property rationale,Selects materials for common use cases,"Balances properties, cost, environment",Expert selection; guides standards,academic|assessments|work|portfolio,materials_quiz,1,active,mechanical_engineering_intern|electrical_engineering_intern|manufacturing_intern|r&d_intern
mechanics,Mechanics,hard_skill,engineering,en,statics|dynamics|kinematics|forces,"Ability to apply mechanics principles to analyze loads, motion, and structural behavior.",Not memorizing formulas without understanding assumptions.,Cannot set up free-body problems,Solves standard statics/dynamics problems,Handles complex systems; validates with reality,Expert analysis; teaches and reviews,academic|assessments|portfolio,statics_quiz|dynamics_quiz,1,active,mechanical_engineering_intern|electrical_engineering_intern|manufacturing_intern|r&d_intern
electronics,Electronics,hard_skill,engineering,en,circuitry|hardware|embedded|signals,Ability to design or analyze circuits and basic electronic systems safely and correctly.,Not plugging modules together without understanding signals and power.,Cannot read schematics,Builds basic circuits; debugs with tools,Designs robust circuits; considers EMC/safety,Expert hardware designer; leads reviews,academic|portfolio|assessments|work,circuits_quiz,1,active,mechanical_engineering_intern|electrical_engineering_intern|manufacturing_intern|r&d_intern
thermodynamics,Thermodynamics,hard_skill,engineering,en,heat|energy|entropy|fluids,Ability to apply thermodynamics to analyze energy transfer and system efficiency.,Not just knowing definitions without solving real problems.,Cannot solve basic thermo problems,Solves standard energy/heat transfer tasks,Handles complex systems; validates assumptions,Expert modeling; optimizes thermal systems,academic|assessments|portfolio,thermo_quiz,1,active,mechanical_engineering_intern|electrical_engineering_intern|manufacturing_intern|r&d_intern
simulation,Simulation,hard_skill,engineering,en,modeling|analysis|emulation|virtualization,"Ability to simulate systems (e.g., FEA/CFD) to predict behavior and inform design decisions.",Not running software without understanding boundary conditions or interpreting results.,Misuses tools; invalid setups,Runs basic simulations and interprets output,Validates models; performs sensitivity checks,Expert; builds simulation workflows and standards,portfolio|academic|assessments|work,simulation_setup_case,1,active,mechanical_engineering_intern|electrical_engineering_intern|manufacturing_intern|r&d_intern
matlab,MATLAB,hard_skill,engineering,en,simulink|computation|toolboxes|scripting,"Ability to use MATLAB/Simulink for numerical analysis, modeling, and prototyping algorithms.",Not general math ability without MATLAB competence.,No usable MATLAB scripts,Writes scripts for common analysis tasks,Builds models; uses toolboxes effectively,Expert; builds reusable tooling and models,portfolio|assessments|academic,matlab_coding_test,1,active,mechanical_engineering_intern|electrical_engineering_intern|manufacturing_intern|r&d_intern
tolerancing,Tolerancing,hard_skill,engineering,en,dimensioning|clearance|fit|precision,Ability to specify and interpret tolerances to ensure assemblies function and can be manufactured.,Not over-tight tolerances that increase cost without benefit.,Drawings missing critical tolerances,Applies GD&T basics and fit/clearance,Optimizes tolerances for cost and function,Expert; sets drawing and GD&T standards,portfolio|academic|work|assessments,gdt_quiz,1,active,mechanical_engineering_intern|electrical_engineering_intern|manufacturing_intern|r&d_intern
validation,Validation,hard_skill,engineering,en,verification|qualification|acceptance|testing,Ability to plan and execute tests that confirm designs meet requirements and standards.,Not ad-hoc testing without traceability to requirements.,No test plan; unclear results,Executes tests with clear pass/fail criteria,Designs validation plans; analyzes failures,Leads qualification programs and documentation,work|portfolio|academic,test_plan_prompt,1,active,mechanical_engineering_intern|electrical_engineering_intern|manufacturing_intern|r&d_intern
safety,Safety,constraint,engineering,en,hazard|prevention|protection|compliance,Ability to identify hazards and design processes and products to reduce risk and meet safety standards.,Not risk avoidance without analysis or ignoring standards.,Ignores hazards; unsafe practices,Follows safety rules; flags hazards,Performs risk assessments; mitigates hazards,Leads safety culture and compliance,academic|work|assessments,safety_scenario_quiz,1,active,mechanical_engineering_intern|electrical_engineering_intern|manufacturing_intern|r&d_intern
quality,Quality,work_style,engineering,en,assurance|standards|inspection|control,"Ability to maintain quality through standards, inspections, and continuous improvement.",Not bureaucracy or rejecting work without constructive fixes.,Quality issues repeat,Uses checklists and basic QC,Finds systemic issues; improves process,Leads QMS; drives continuous improvement,work|portfolio|academic|social_proof,quality_case,1,active,mechanical_engineering_intern|electrical_engineering_intern|manufacturing_intern|r&d_intern
maintenance,Maintenance,hard_skill,engineering,en,servicing|upkeep|repair|overhaul,Ability to maintain and troubleshoot equipment/systems to restore function and prevent failures.,Not only reactive repairs without preventive strategy.,Cannot diagnose common failures,Performs routine maintenance correctly,Improves uptime with preventive planning,Leads reliability maintenance programs,work|portfolio|academic,maintenance_troubleshoot_case,1,active,mechanical_engineering_intern|electrical_engineering_intern|manufacturing_intern|r&d_intern
efficiency,Efficiency,work_style,engineering,en,productivity|performance|economy|optimization,"Ability to improve output or performance relative to time, cost, energy, or materials.",Not cutting corners that reduce safety or quality.,Wastes resources; no improvement mindset,Improves efficiency in typical tasks,Finds big levers; measures impact,Builds systems for ongoing efficiency gains,work|portfolio|academic|assessments,process_improvement_case,1,active,mechanical_engineering_intern|electrical_engineering_intern|manufacturing_intern|r&d_intern
professionalism,Professionalism,work_style,broad skills ,en,etiquette|conduct|polish|courtesy,"Consistent, respectful, workplace-appropriate behavior and communication.",Not “confidence” or “extroversion.”,Unprofessional interactions,Usually appropriate,Consistently polished,Role-model standard,work|social_proof,sjt|peerfeedback,1,active,intern|analyst|assistant
ownership,Ownership,work_style,broad skills ,en,responsibility|stewardship|ownership|commitment,Takes responsibility for outcomes and follows through without being chased.,Not “controlling” or “doing everything alone.”,Deflects responsibility,Owns assigned tasks,Owns outcomes,Owns outcomes proactively,work|portfolio|social_proof,worksample|reflection,1,active,intern|associate|coordinator
initiative,Initiative,work_style,broad skills ,en,proactivity|drive|spark|start,"Starts useful work, asks smart questions, and proposes next steps unprompted.",Not “impulsiveness” or “overstepping.”,Waits for instructions,Sometimes self-starting,Often self-starting,Anticipates needs,work|portfolio|social_proof,sjt|caseprompt,1,active,intern|analyst|developer
accountability,Accountability,soft_skill,broad skills ,en,answerability|ownership|reliability|integrity,"Owns mistakes, communicates status honestly, and closes loops.",Not “perfection” or “never failing.”,Hides problems,Admits issues late,Flags early + fixes,Prevents repeats,work|social_proof,reflection|peerfeedback,1,active,intern|assistant|associate
reliability,Reliability,work_style,broad skills ,en,consistency|dependability|steadiness|trustworthiness,"Delivers what was agreed, when it was agreed, at expected quality.",Not “speed at all costs.”,Misses commitments,Mixed follow-through,Consistently dependable,Trusted for critical tasks,work|academic|social_proof,timelog|peerfeedback,1,active,intern|analyst|assistant
punctuality,Punctuality,work_style,broad skills ,en,timeliness|promptness|on-time|readiness,Arrives on time and meets deadlines with predictable timing.,Not “working long hours.”,Frequently late,Usually on time,Rarely late,Always prepared early,work|academic|social_proof,timelog,1,active,intern|assistant|coordinator
coachability,Coachability,soft_skill,broad skills ,en,openness|teachable|receptive|improvable,Accepts feedback well and applies it quickly and visibly.,Not “agreeing with everything.”,Rejects feedback,"Listens, slow change",Applies feedback fast,Seeks + compounds feedback,work|social_proof|assessments,reflection|peerfeedback,1,active,intern|analyst|designer
curiosity,Curiosity,motivation,broad skills ,en,inquisitive|exploration|interest|wonder,Genuine drive to understand “why/how” and explore beyond the obvious.,Not “random distraction.”,Doesn’t ask why,Occasional probing,Regular deep questions,Connects insights across areas,academic|portfolio|work,caseprompt|reflection,1,active,intern|researcher|analyst
learning,Learning,motivation,broad skills ,en,growth|upskilling|improvement|mastery,Speed and effectiveness in acquiring new skills and applying them.,Not “years of experience.”,Avoids learning,Learns with guidance,Learns independently,Learns + teaches others,academic|portfolio|assessments,quiz|worksample,1,active,intern|developer|assistant
resilience,Resilience,soft_skill,broad skills ,en,grit|persistence|toughness|endurance,"Maintains performance through setbacks, stress, and ambiguity.",Not “ignoring burnout.”,Gives up quickly,Pushes through sometimes,Recovers fast,Thrives under pressure,work|competitions|social_proof,sjt|reflection,1,active,intern|analyst|associate
composure,Composure,soft_skill,broad skills ,en,calmness|poise|control|steadiness,"Stays calm, clear, and constructive in high-pressure situations.",Not “emotionless.”,Panics/escalates,Sometimes steady,Usually calm,Stabilizes others,work|social_proof,sjt|peerfeedback,1,active,intern|coordinator|associate
discipline,Discipline,work_style,broad skills ,en,diligence|consistency|focus|habit,Sustains productive routines and avoids procrastination reliably.,Not “micromanagement.”,Chronically unfocused,Mixed consistency,Strong routine,Exceptional consistency,work|academic,timelog|workstyle,1,active,intern|assistant|developer
organization,Organization,work_style,broad skills ,en,structure|order|planning|system,"Keeps tasks, files, notes, and commitments structured and easy to track.",Not “neat desk aesthetics.”,"Chaos, lost items",Basic organization,Clear systems,Highly scalable systems,work|portfolio,worksample|workstyle,1,active,intern|coordinator|assistant
timeboxing,Timeboxing,work_style,broad skills ,en,scheduling|planning|cadence|blocking,Plans work into realistic time blocks and manages focus/interruptions.,Not “working faster” only.,No time planning,Plans sometimes,Plans consistently,Optimizes throughput reliably,work|academic,timelog|workstyle,1,active,intern|analyst|developer
teamwork,Teamwork,soft_skill,broad skills ,en,collaboration|cooperation|coordination|partnership,"Works effectively with others: shares context, supports, and co-delivers.",Not “being agreeable always.”,Blocks collaboration,Participates when asked,Actively collaborates,Elevates whole team,work|competitions|social_proof,peerfeedback|sjt,1,active,intern|assistant|associate
empathy,Empathy,soft_skill,broad skills ,en,understanding|compassion|awareness|sensitivity,Understands others’ perspectives and adapts communication accordingly.,Not “people-pleasing.”,Dismisses others,Sometimes considerate,Usually considerate,Deeply perceptive,work|social_proof,sjt|peerfeedback,1,active,intern|coordinator|marketer
diplomacy,Diplomacy,soft_skill,broad skills ,en,tact|manners|negotiation|smoothness,Handles disagreement and sensitive topics with tact and alignment.,Not “avoiding conflict.”,Creates friction,Mixed tact,Usually tactful,Resolves conflicts smoothly,work|social_proof,sjt|roleplay,1,active,intern|associate|coordinator
integrity,Integrity,soft_skill,broad skills ,en,honesty|ethics|principles|trust,"Acts honestly and ethically, even when inconvenient.",Not “rule-following blindly.”,Misleads/cheats,Sometimes bends truth,Consistently honest,Trusted with sensitive info,work|academic|social_proof,sjt,1,active,intern|analyst|assistant
judgment,Judgment,soft_skill,broad skills ,en,discernment|sense|reasoning|wisdom,Makes sound decisions with limited info; knows when to escalate.,Not “IQ” or “seniority.”,Poor choices,Ok with guidance,Good independent calls,Excellent under ambiguity,work|portfolio|assessments,sjt|caseprompt,1,active,intern|analyst|associate
autonomy,Autonomy,work_style,broad skills ,en,independence|selfsufficiency|selfreliance|initiative,"Works independently, unblocks self, and seeks help at the right time.",Not “working alone” or “ignoring feedback.”,Needs constant help,Some independence,Mostly self-sufficient,Fully autonomous impact,work|portfolio,worksample|workstyle,1,active,intern|developer|analyst
resourcefulness,Resourcefulness,soft_skill,broad skills ,en,ingenuity|scrappiness|improvise|adapt,Finds solutions with limited resources; uses tools/people creatively.,Not “cutting corners.”,Gets stuck easily,Solves with help,Usually finds a way,Solves hard constraints fast,work|portfolio|competitions,caseprompt|worksample,1,active,intern|startup|generalist
attentiveness,Attentiveness,work_style,broad skills ,en,focus|listening|care|presence,"Pays attention to instructions, context, and details that matter.",Not “perfectionism.”,Misses key info,Catches some details,Rarely misses,Anticipates hidden issues,work|academic,worksample|peerfeedback,1,active,intern|assistant|analyst
clarity,Clarity,soft_skill,broad skills ,en,succinctness|directness|precision|lucidity,"Communicates ideas in a clear, structured, low-ambiguity way.",Not “being talkative.”,Confusing messages,Sometimes clear,Usually crisp,Crystal-clear always,work|portfolio|assessments,writing|presentation,1,active,intern|analyst|marketer
availability,Availability,constraint,broad skills ,en,schedule|startdate|hours|commitment,Practical ability to work during the needed period (dates/hours).,Not “motivation” or “work ethic.”,Not available,Partially available,Matches most needs,Fully flexible fit,work,formcheck,1,active,intern|assistant|analyst